Sanaa;Barrett;s12000;3/20/1991;Informatyka;Dzienne;s12000@pjwstk.edu.pl;Lia;Astrid
Mohamad;Montes;s12001;4/20/1991;Sztuka Nowych Mediów;Zaoczne;s12001@pjwstk.edu.pl;Jordan;Laurence
Jim;Blankenship;s12002;3/20/1992;Informatyka;Internetowe;s12002@pjwstk.edu.pl;Margaret;Oliwia
Fletcher;Jefferson;s12003;4/20/1992;Sztuka Nowych Mediów;Wieczorowe;s12003@pjwstk.edu.pl;Iris;Alistair
Yuvraj;Rosario;s12004;3/20/1993;Informatyka;Dzienne;s12004@pjwstk.edu.pl;Olly;Marcel
Louis;Velasquez;s12005;4/20/1993;Sztuka Nowych Mediów;Zaoczne;s12005@pjwstk.edu.pl;Alina;Estelle
Devon;O'Moore;s12006;3/20/1994;Informatyka;Internetowe;s12006@pjwstk.edu.pl;Shivam;Hamzah
Yasin;Clay;s12007;4/20/1994;Sztuka Nowych Mediów;Wieczorowe;s12007@pjwstk.edu.pl;Gina;Cai
Katerina;Shields;s12008;3/20/1995;Informatyka;Dzienne;s12008@pjwstk.edu.pl;Kathleen;Nellie
Alejandro;O'Neill;s12009;4/20/1995;Sztuka Nowych Mediów;Zaoczne;s12009@pjwstk.edu.pl;Willard;Josie
Hector;Bowers;s12010;3/20/1996;Informatyka;Internetowe;s12010@pjwstk.edu.pl;Ella-Louise;Eve
Steve;Pearson;s12011;4/20/1996;Sztuka Nowych Mediów;Wieczorowe;s12011@pjwstk.edu.pl;Rex;Esha
Enzo;Higgins;s12012;3/20/1997;Informatyka;Dzienne;s12012@pjwstk.edu.pl;Milan;Cassie
Keira;Leonard;s12013;4/20/1997;Sztuka Nowych Mediów;Zaoczne;s12013@pjwstk.edu.pl;Maariyah;Reuben
Samara;Oliver;s12014;3/20/1998;Informatyka;Internetowe;s12014@pjwstk.edu.pl;Amina;Henrietta
Kaleb;Little;s12015;4/20/1998;Sztuka Nowych Mediów;Wieczorowe;s12015@pjwstk.edu.pl;Julie;Ellis
Jago;Yang;s12016;3/20/1999;Informatyka;Dzienne;s12016@pjwstk.edu.pl;Gabrielle;Leyton
Ariana;Tyler;s12017;4/20/1999;Sztuka Nowych Mediów;Zaoczne;s12017@pjwstk.edu.pl;Astrid;Annabelle
Zachery;Pearce;s12018;3/20/2000;Informatyka;Internetowe;s12018@pjwstk.edu.pl;Larry;Nicolas
Cade;Barron;s12019;4/20/2000;Sztuka Nowych Mediów;Wieczorowe;s12019@pjwstk.edu.pl;Autumn;Harriet
Jermaine;Duncan;s12020;3/20/2001;Informatyka;Dzienne;s12020@pjwstk.edu.pl;Bella;Kaylee
Louise;Maddox;s12021;4/20/2001;Sztuka Nowych Mediów;Zaoczne;s12021@pjwstk.edu.pl;Harri;Tommy
Gladys;Logan;s12022;3/20/2002;Informatyka;Internetowe;s12022@pjwstk.edu.pl;Nieve;Elisha
Zarah;Gordon;s12023;4/20/2002;Sztuka Nowych Mediów;Wieczorowe;s12023@pjwstk.edu.pl;Brandon;Cecilia
Malika;Mclaughlin;s12024;3/20/2003;Informatyka;Dzienne;s12024@pjwstk.edu.pl;Shane;Annie
Jamil;Monroe;s12025;4/20/2003;Sztuka Nowych Mediów;Zaoczne;s12025@pjwstk.edu.pl;Herman;Charlotte
Malachy;Avila;s12026;3/20/2004;Informatyka;Internetowe;s12026@pjwstk.edu.pl;Harun;Carlos
Keane;Holman;s12027;4/20/2004;Sztuka Nowych Mediów;Wieczorowe;s12027@pjwstk.edu.pl;Carl;Ellie-Mae
Dalton;Doherty;s12028;3/20/2005;Informatyka;Dzienne;s12028@pjwstk.edu.pl;Lyla;Conner
Noel;Becker;s12029;4/20/2005;Sztuka Nowych Mediów;Zaoczne;s12029@pjwstk.edu.pl;Iwan;Jazmine
Amin;Roman;s12030;3/20/1991;Informatyka;Internetowe;s12030@pjwstk.edu.pl;Lawrence;Iwan
Tanya;Bartlett;s12031;4/20/1991;Sztuka Nowych Mediów;Wieczorowe;s12031@pjwstk.edu.pl;Tessa;Marcus
Paul;Johnston;s12032;3/20/1992;Informatyka;Dzienne;s12032@pjwstk.edu.pl;Andrew;Uzair
Lucia;Schwartz;s12033;4/20/1992;Sztuka Nowych Mediów;Zaoczne;s12033@pjwstk.edu.pl;Usman;Callan
Phillip;Hernandez;s12034;3/20/1993;Informatyka;Internetowe;s12034@pjwstk.edu.pl;Bridie;Frances
Haleema;Gonzales;s12035;4/20/1993;Sztuka Nowych Mediów;Wieczorowe;s12035@pjwstk.edu.pl;Lily-Mae;Adem
Emily;Atkinson;s12036;3/20/1994;Informatyka;Dzienne;s12036@pjwstk.edu.pl;Tina;Haaris
Adrian;Byrd;s12037;4/20/1994;Sztuka Nowych Mediów;Zaoczne;s12037@pjwstk.edu.pl;Charis;Angel
Matthew;Wise;s12038;3/20/1995;Informatyka;Internetowe;s12038@pjwstk.edu.pl;Isaiah;Gareth
Gabriela;Carlson;s12039;4/20/1995;Sztuka Nowych Mediów;Wieczorowe;s12039@pjwstk.edu.pl;Dewi;Olivia
Tasnim;Bell;s12040;3/20/1996;Informatyka;Dzienne;s12040@pjwstk.edu.pl;Aysha;Stevie
Elouise;Baker;s12041;4/20/1996;Sztuka Nowych Mediów;Zaoczne;s12041@pjwstk.edu.pl;Albert;Kyron
Ellie;Salinas;s12042;3/20/1997;Informatyka;Internetowe;s12042@pjwstk.edu.pl;Xander;Lucian
Samira;Fox;s12043;4/20/1997;Sztuka Nowych Mediów;Wieczorowe;s12043@pjwstk.edu.pl;Inaya;Theo
Rabia;Guerrero;s12044;3/20/1998;Informatyka;Dzienne;s12044@pjwstk.edu.pl;Lenny;Dexter
Fatima;Ashley;s12045;4/20/1998;Sztuka Nowych Mediów;Zaoczne;s12045@pjwstk.edu.pl;Adele;Alexia
Ridwan;Baxter;s12046;3/20/1999;Informatyka;Internetowe;s12046@pjwstk.edu.pl;Eoin;Taha
Yash;Trujillo;s12047;4/20/1999;Sztuka Nowych Mediów;Wieczorowe;s12047@pjwstk.edu.pl;Anas;Liam
Francis;Ayers;s12048;3/20/2000;Informatyka;Dzienne;s12048@pjwstk.edu.pl;Joanna;Helen
Kenneth;Sandoval;s12049;4/20/2000;Sztuka Nowych Mediów;Zaoczne;s12049@pjwstk.edu.pl;Damien;Millicent
Ali;Montgomery;s12050;3/20/2001;Informatyka;Internetowe;s12050@pjwstk.edu.pl;Sanaa;Lilli
Lawson;Abbott;s12051;4/20/2001;Sztuka Nowych Mediów;Wieczorowe;s12051@pjwstk.edu.pl;Emilia;Belle
Lydia;Garner;s12052;3/20/2002;Informatyka;Dzienne;s12052@pjwstk.edu.pl;Luqman;Kiran
Ewan;Rogers;s12053;4/20/2002;Sztuka Nowych Mediów;Zaoczne;s12053@pjwstk.edu.pl;Martina;Jose
Cassie;Andrews;s12054;3/20/2003;Informatyka;Internetowe;s12054@pjwstk.edu.pl;Mckenzie;Troy
Leyla;Meyer;s12055;4/20/2003;Sztuka Nowych Mediów;Wieczorowe;s12055@pjwstk.edu.pl;Doris;Jacob
Donovan;Cunningham;s12056;3/20/2004;Informatyka;Dzienne;s12056@pjwstk.edu.pl;Sid;Malakai
Musa;Hubbard;s12057;4/20/2004;Sztuka Nowych Mediów;Zaoczne;s12057@pjwstk.edu.pl;Hattie;Gwen
Angus;Fitzgerald;s12058;3/20/2005;Informatyka;Internetowe;s12058@pjwstk.edu.pl;Elliot;Leland
Aliza;Giles;s12059;4/20/2005;Sztuka Nowych Mediów;Wieczorowe;s12059@pjwstk.edu.pl;Regan;Rosalind
Nicolas;Mcbride;s12060;3/20/1991;Informatyka;Dzienne;s12060@pjwstk.edu.pl;Alexia;Wyatt
Zoya;Reynolds;s12061;4/20/1991;Sztuka Nowych Mediów;Zaoczne;s12061@pjwstk.edu.pl;Vinny;Crystal
Zoe;Blanchard;s12062;3/20/1992;Informatyka;Internetowe;s12062@pjwstk.edu.pl;Ellena;Meredith
Zayd;Sherman;s12063;4/20/1992;Sztuka Nowych Mediów;Wieczorowe;s12063@pjwstk.edu.pl;Isabel;Alessandro
Blake;Farmer;s12064;3/20/1993;Informatyka;Dzienne;s12064@pjwstk.edu.pl;Katie;Sidney
Travis;Pierce;s12065;4/20/1993;Sztuka Nowych Mediów;Zaoczne;s12065@pjwstk.edu.pl;Caitlyn;Mohammed
Danyal;Beasley;s12066;3/20/1994;Informatyka;Internetowe;s12066@pjwstk.edu.pl;Zuzanna;Loui
Abdulrahman;Keith;s12067;4/20/1994;Sztuka Nowych Mediów;Wieczorowe;s12067@pjwstk.edu.pl;Bobby;Zubair
Otto;Mahoney;s12068;3/20/1995;Informatyka;Dzienne;s12068@pjwstk.edu.pl;Stacey;Kimberly
Clayton;Lester;s12069;4/20/1995;Sztuka Nowych Mediów;Zaoczne;s12069@pjwstk.edu.pl;Gloria;Elsa
Sharon;Reeves;s12070;3/20/1996;Informatyka;Internetowe;s12070@pjwstk.edu.pl;Ashleigh;Shawn
Saskia;Romero;s12071;4/20/1996;Sztuka Nowych Mediów;Wieczorowe;s12071@pjwstk.edu.pl;Edie;Mia
Sonia;Sanford;s12072;3/20/1997;Informatyka;Dzienne;s12072@pjwstk.edu.pl;Nancy;Kieran
Kaylee;Graves;s12073;4/20/1997;Sztuka Nowych Mediów;Zaoczne;s12073@pjwstk.edu.pl;Simon;Maxim
Elsa;Fernandez;s12074;3/20/1998;Informatyka;Internetowe;s12074@pjwstk.edu.pl;Hafsah;Demi-Leigh
Rosa;Snyder;s12075;4/20/1998;Sztuka Nowych Mediów;Wieczorowe;s12075@pjwstk.edu.pl;Demi;Xander
Annabella;Newton;s12076;3/20/1999;Informatyka;Dzienne;s12076@pjwstk.edu.pl;Lillian;Giovanni
Anais;Lopez;s12077;4/20/1999;Sztuka Nowych Mediów;Zaoczne;s12077@pjwstk.edu.pl;Iqra;Madeleine
Nicole;Carver;s12078;3/20/2000;Informatyka;Internetowe;s12078@pjwstk.edu.pl;Jennie;Kristen
Alyssia;Burton;s12079;4/20/2000;Sztuka Nowych Mediów;Wieczorowe;s12079@pjwstk.edu.pl;Maddison;Leon
Randy;Potts;s12080;3/20/2001;Informatyka;Dzienne;s12080@pjwstk.edu.pl;Kayne;Terry
Mikey;Davenport;s12081;4/20/2001;Sztuka Nowych Mediów;Zaoczne;s12081@pjwstk.edu.pl;Annabel;Prince
Humaira;Wyatt;s12082;3/20/2002;Informatyka;Internetowe;s12082@pjwstk.edu.pl;Tom;Dale
Ellena;Fields;s12083;4/20/2002;Sztuka Nowych Mediów;Wieczorowe;s12083@pjwstk.edu.pl;Elias;Roisin
Jonty;Diaz;s12084;3/20/2003;Informatyka;Dzienne;s12084@pjwstk.edu.pl;Aaron;Aurora
Ayub;Chambers;s12085;4/20/2003;Sztuka Nowych Mediów;Zaoczne;s12085@pjwstk.edu.pl;Briony;Osian
Allen;Schultz;s12086;3/20/2004;Informatyka;Internetowe;s12086@pjwstk.edu.pl;Hafsa;Dalton
Charlotte;Krueger;s12087;4/20/2004;Sztuka Nowych Mediów;Wieczorowe;s12087@pjwstk.edu.pl;Zachery;Huda
Aliya;Hughes;s12088;3/20/2005;Informatyka;Dzienne;s12088@pjwstk.edu.pl;Zakaria;Solomon
Arnold;Moreno;s12089;4/20/2005;Sztuka Nowych Mediów;Zaoczne;s12089@pjwstk.edu.pl;Emmie;Ronnie
Peter;Huber;s12090;3/20/1991;Informatyka;Internetowe;s12090@pjwstk.edu.pl;Rodney;Cassandra
Nancy;Shelton;s12091;4/20/1991;Sztuka Nowych Mediów;Wieczorowe;s12091@pjwstk.edu.pl;Ted;Rosalie
Vinny;Collins;s12092;3/20/1992;Informatyka;Dzienne;s12092@pjwstk.edu.pl;Lydia;Alexandre
Nannie;Hood;s12093;4/20/1992;Sztuka Nowych Mediów;Zaoczne;s12093@pjwstk.edu.pl;Ronald;Otis
Mathilda;Rodgers;s12094;3/20/1993;Informatyka;Internetowe;s12094@pjwstk.edu.pl;Luisa;Alannah
Kyra;Cook;s12095;4/20/1993;Sztuka Nowych Mediów;Wieczorowe;s12095@pjwstk.edu.pl;Nora;Rodney
Viola;Mendez;s12096;3/20/1994;Informatyka;Dzienne;s12096@pjwstk.edu.pl;Ryan;Iestyn
Robin;Russo;s12097;4/20/1994;Sztuka Nowych Mediów;Zaoczne;s12097@pjwstk.edu.pl;Betty;Kaylum
Fergus;Garrett;s12098;3/20/1995;Informatyka;Internetowe;s12098@pjwstk.edu.pl;Cindy;Genevieve
Hugh;Bean;s12099;4/20/1995;Sztuka Nowych Mediów;Wieczorowe;s12099@pjwstk.edu.pl;Zak;Faisal
Freyja;Jackson;s12100;3/20/1996;Informatyka;Dzienne;s12100@pjwstk.edu.pl;Lia;Astrid
Zak;Chan;s12101;4/20/1996;Sztuka Nowych Mediów;Zaoczne;s12101@pjwstk.edu.pl;Jordan;Laurence
Jonas;Thompson;s12102;3/20/1997;Informatyka;Internetowe;s12102@pjwstk.edu.pl;Margaret;Oliwia
Sami;Grimes;s12103;4/20/1997;Sztuka Nowych Mediów;Wieczorowe;s12103@pjwstk.edu.pl;Iris;Alistair
Celeste;Mcintyre;s12104;3/20/1998;Informatyka;Dzienne;s12104@pjwstk.edu.pl;Olly;Marcel
Arabella;O'Moore;s12105;4/20/1998;Sztuka Nowych Mediów;Zaoczne;s12105@pjwstk.edu.pl;Estelle;Alina
Kelsey;Ayala;s12106;3/20/1999;Informatyka;Internetowe;s12106@pjwstk.edu.pl;Shivam;Hamzah
Aliza;Potter;s12107;4/20/1999;Sztuka Nowych Mediów;Wieczorowe;s12107@pjwstk.edu.pl;Gina;Cai
Sam;Campos;s12108;3/20/2000;Informatyka;Dzienne;s12108@pjwstk.edu.pl;Kathleen;Nellie
Wilbur;Dickerson;s12109;4/20/2000;Sztuka Nowych Mediów;Zaoczne;s12109@pjwstk.edu.pl;Willard;Josie
Ammar;Cunningham;s12110;3/20/2001;Informatyka;Internetowe;s12110@pjwstk.edu.pl;Ella-Louise;Eve
Fergus;Callahan;s12111;4/20/2001;Sztuka Nowych Mediów;Wieczorowe;s12111@pjwstk.edu.pl;Rex;Esha
Hayden;Wang;s12112;3/20/2002;Informatyka;Dzienne;s12112@pjwstk.edu.pl;Milan;Cassie
Leonie;Delacruz;s12113;4/20/2002;Sztuka Nowych Mediów;Zaoczne;s12113@pjwstk.edu.pl;Maariyah;Reuben
Mike;Conner;s12114;3/20/2003;Informatyka;Internetowe;s12114@pjwstk.edu.pl;Amina;Henrietta
Carol;Wiggins;s12115;4/20/2003;Sztuka Nowych Mediów;Wieczorowe;s12115@pjwstk.edu.pl;Julie;Ellis
Kelsie;Palmer;s12116;3/20/2004;Informatyka;Dzienne;s12116@pjwstk.edu.pl;Gabrielle;Leyton
Tallulah;Ayers;s12117;4/20/2004;Sztuka Nowych Mediów;Zaoczne;s12117@pjwstk.edu.pl;Astrid;Annabelle
Livia;Calhoun;s12118;3/20/2005;Informatyka;Internetowe;s12118@pjwstk.edu.pl;Larry;Nicolas
Enya;Carrillo;s12119;4/20/2005;Sztuka Nowych Mediów;Wieczorowe;s12119@pjwstk.edu.pl;Autumn;Harriet
Everett;Cohen;s12120;3/20/1991;Informatyka;Dzienne;s12120@pjwstk.edu.pl;Bella;Kaylee
Gideon;Rivas;s12121;4/20/1991;Sztuka Nowych Mediów;Zaoczne;s12121@pjwstk.edu.pl;Harri;Tommy
Poppie;Rowe;s12122;3/20/1992;Informatyka;Internetowe;s12122@pjwstk.edu.pl;Nieve;Elisha
Deborah;Blake;s12123;4/20/1992;Sztuka Nowych Mediów;Wieczorowe;s12123@pjwstk.edu.pl;Brandon;Cecilia
Robyn;Stone;s12124;3/20/1993;Informatyka;Dzienne;s12124@pjwstk.edu.pl;Shane;Annie
Claudia;Ryan;s12125;4/20/1993;Sztuka Nowych Mediów;Zaoczne;s12125@pjwstk.edu.pl;Herman;Charlotte
Tim;Livingston;s12126;3/20/1994;Informatyka;Internetowe;s12126@pjwstk.edu.pl;Harun;Carlos
Gavin;Moyer;s12127;4/20/1994;Sztuka Nowych Mediów;Wieczorowe;s12127@pjwstk.edu.pl;Carl;Ellie-Mae
Anthony;Casey;s12128;3/20/1995;Informatyka;Dzienne;s12128@pjwstk.edu.pl;Lyla;Conner
Myla;Bonner;s12129;4/20/1995;Sztuka Nowych Mediów;Zaoczne;s12129@pjwstk.edu.pl;Iwan;Jazmine
Maximus;Pacheco;s12130;3/20/1996;Informatyka;Internetowe;s12130@pjwstk.edu.pl;Lawrence;Iwan
Jean;Haines;s12131;4/20/1996;Sztuka Nowych Mediów;Wieczorowe;s12131@pjwstk.edu.pl;Tessa;Marcus
Terence;Melton;s12132;3/20/1997;Informatyka;Dzienne;s12132@pjwstk.edu.pl;Andrew;Uzair
Jenna;Frank;s12133;4/20/1997;Sztuka Nowych Mediów;Zaoczne;s12133@pjwstk.edu.pl;Usman;Callan
Elias;Holder;s12134;3/20/1998;Informatyka;Internetowe;s12134@pjwstk.edu.pl;Bridie;Frances
Fahad;White;s12135;4/20/1998;Sztuka Nowych Mediów;Wieczorowe;s12135@pjwstk.edu.pl;Lily-Mae;Adem
Tianna;Rodgers;s12136;3/20/1999;Informatyka;Dzienne;s12136@pjwstk.edu.pl;Tina;Haaris
Velma;Davidson;s12137;4/20/1999;Sztuka Nowych Mediów;Zaoczne;s12137@pjwstk.edu.pl;Charis;Angel
Scarlet;Newman;s12138;3/20/2000;Informatyka;Internetowe;s12138@pjwstk.edu.pl;Isaiah;Gareth
Nana;Tran;s12139;4/20/2000;Sztuka Nowych Mediów;Wieczorowe;s12139@pjwstk.edu.pl;Dewi;Olivia
Alvin;Dale;s12140;3/20/2001;Informatyka;Dzienne;s12140@pjwstk.edu.pl;Aysha;Stevie
Leia;Lang;s12141;4/20/2001;Sztuka Nowych Mediów;Zaoczne;s12141@pjwstk.edu.pl;Albert;Kyron
Pauline;Hess;s12142;3/20/2002;Informatyka;Internetowe;s12142@pjwstk.edu.pl;Xander;Lucian
Faiza;Mccann;s12143;4/20/2002;Sztuka Nowych Mediów;Wieczorowe;s12143@pjwstk.edu.pl;Inaya;Theo
Raymond;Combs;s12144;3/20/2003;Informatyka;Dzienne;s12144@pjwstk.edu.pl;Lenny;Dexter
Marjorie;Wood;s12145;4/20/2003;Sztuka Nowych Mediów;Zaoczne;s12145@pjwstk.edu.pl;Adele;Alexia
Shawn;Harris;s12146;3/20/2004;Informatyka;Internetowe;s12146@pjwstk.edu.pl;Eoin;Taha
George;Powell;s12147;4/20/2004;Sztuka Nowych Mediów;Wieczorowe;s12147@pjwstk.edu.pl;Anas;Liam
Amanda;Turner;s12148;3/20/2005;Informatyka;Dzienne;s12148@pjwstk.edu.pl;Joanna;Helen
Selina;Aguilar;s12149;4/20/2005;Sztuka Nowych Mediów;Zaoczne;s12149@pjwstk.edu.pl;Damien;Millicent
Eliana;Romero;s12150;3/20/1991;Informatyka;Internetowe;s12150@pjwstk.edu.pl;Sanaa;Lilli
Laurence;Ortiz;s12151;4/20/1991;Sztuka Nowych Mediów;Wieczorowe;s12151@pjwstk.edu.pl;Emilia;Belle
Louise;Oneal;s12152;3/20/1992;Informatyka;Dzienne;s12152@pjwstk.edu.pl;Luqman;Kiran
Zain;Mayo;s12153;4/20/1992;Sztuka Nowych Mediów;Zaoczne;s12153@pjwstk.edu.pl;Martina;Jose
Phoenix;Middleton;s12154;3/20/1993;Informatyka;Internetowe;s12154@pjwstk.edu.pl;Mckenzie;Troy
Hope;Burns;s12155;4/20/1993;Sztuka Nowych Mediów;Wieczorowe;s12155@pjwstk.edu.pl;Doris;Jacob
Gerald;Kerr;s12156;3/20/1994;Informatyka;Dzienne;s12156@pjwstk.edu.pl;Sid;Malakai
Pippa;Franco;s12157;4/20/1994;Sztuka Nowych Mediów;Zaoczne;s12157@pjwstk.edu.pl;Hattie;Gwen
Nelson;Chavez;s12158;3/20/1995;Informatyka;Internetowe;s12158@pjwstk.edu.pl;Elliot;Leland
Freddie;Carpenter;s12159;4/20/1995;Sztuka Nowych Mediów;Wieczorowe;s12159@pjwstk.edu.pl;Regan;Rosalind
Asa;Castaneda;s12160;3/20/1996;Informatyka;Dzienne;s12160@pjwstk.edu.pl;Alexia;Wyatt
Maxwell;Logan;s12161;4/20/1996;Sztuka Nowych Mediów;Zaoczne;s12161@pjwstk.edu.pl;Vinny;Crystal
Owain;Le;s12162;3/20/1997;Informatyka;Internetowe;s12162@pjwstk.edu.pl;Ellena;Meredith
Lyla;Maldonado;s12163;4/20/1997;Sztuka Nowych Mediów;Wieczorowe;s12163@pjwstk.edu.pl;Isabel;Alessandro
Jada;Carter;s12164;3/20/1998;Informatyka;Dzienne;s12164@pjwstk.edu.pl;Katie;Sidney
Chester;Sampson;s12165;4/20/1998;Sztuka Nowych Mediów;Zaoczne;s12165@pjwstk.edu.pl;Caitlyn;Mohammed
Fatma;Knapp;s12166;3/20/1999;Informatyka;Internetowe;s12166@pjwstk.edu.pl;Zuzanna;Loui
Darcy;Donnelly;s12167;4/20/1999;Sztuka Nowych Mediów;Wieczorowe;s12167@pjwstk.edu.pl;Bobby;Zubair
Phillip;Shannon;s12168;3/20/2000;Informatyka;Dzienne;s12168@pjwstk.edu.pl;Stacey;Kimberly
Gene;Davila;s12169;4/20/2000;Sztuka Nowych Mediów;Zaoczne;s12169@pjwstk.edu.pl;Gloria;Elsa
Lorna;Hunter;s12170;3/20/2001;Informatyka;Internetowe;s12170@pjwstk.edu.pl;Ashleigh;Shawn
Nora;Slater;s12171;4/20/2001;Sztuka Nowych Mediów;Wieczorowe;s12171@pjwstk.edu.pl;Edie;Mia
Nellie;Dawson;s12172;3/20/2002;Informatyka;Dzienne;s12172@pjwstk.edu.pl;Nancy;Kieran
Alfred;Woods;s12173;4/20/2002;Sztuka Nowych Mediów;Zaoczne;s12173@pjwstk.edu.pl;Simon;Maxim
Hollie;Bowman;s12174;3/20/2003;Informatyka;Internetowe;s12174@pjwstk.edu.pl;Hafsah;Demi-Leigh
Maisha;Terry;s12175;4/20/2003;Sztuka Nowych Mediów;Wieczorowe;s12175@pjwstk.edu.pl;Demi;Xander
Logan;Odonnell;s12176;3/20/2004;Informatyka;Dzienne;s12176@pjwstk.edu.pl;Lillian;Giovanni
Ethel;Hartman;s12177;4/20/2004;Sztuka Nowych Mediów;Zaoczne;s12177@pjwstk.edu.pl;Iqra;Madeleine
Rosalie;Merritt;s12178;3/20/2005;Informatyka;Internetowe;s12178@pjwstk.edu.pl;Jennie;Kristen
Ellie-Mae;Duffy;s12179;4/20/2005;Sztuka Nowych Mediów;Wieczorowe;s12179@pjwstk.edu.pl;Maddison;Leon
Zubair;Hampton;s12180;3/20/1991;Informatyka;Dzienne;s12180@pjwstk.edu.pl;Kayne;Terry
Dawn;Landry;s12181;4/20/1991;Sztuka Nowych Mediów;Zaoczne;s12181@pjwstk.edu.pl;Annabel;Prince
Sabrina;Mathis;s12182;3/20/1992;Informatyka;Internetowe;s12182@pjwstk.edu.pl;Tom;Dale
Dana;Schaefer;s12183;4/20/1992;Sztuka Nowych Mediów;Wieczorowe;s12183@pjwstk.edu.pl;Elias;Roisin
Farrah;Carr;s12184;3/20/1993;Informatyka;Dzienne;s12184@pjwstk.edu.pl;Aaron;Aurora
Aliya;Scott;s12185;4/20/1993;Sztuka Nowych Mediów;Zaoczne;s12185@pjwstk.edu.pl;Briony;Osian
Rajan;Rivers;s12186;3/20/1994;Informatyka;Internetowe;s12186@pjwstk.edu.pl;Hafsa;Dalton
Fannie;Sharp;s12187;4/20/1994;Sztuka Nowych Mediów;Wieczorowe;s12187@pjwstk.edu.pl;Zachery;Huda
Kristian;Cain;s12188;3/20/1995;Informatyka;Dzienne;s12188@pjwstk.edu.pl;Zakaria;Solomon
Kobi;Norris;s12189;4/20/1995;Sztuka Nowych Mediów;Zaoczne;s12189@pjwstk.edu.pl;Emmie;Ronnie
Liliana;Randall;s12190;3/20/1996;Informatyka;Internetowe;s12190@pjwstk.edu.pl;Rodney;Cassandra
Sidney;Reid;s12191;4/20/1996;Sztuka Nowych Mediów;Wieczorowe;s12191@pjwstk.edu.pl;Ted;Rosalie
Niamh;Buchanan;s12192;3/20/1997;Informatyka;Dzienne;s12192@pjwstk.edu.pl;Lydia;Alexandre
Candice;Glenn;s12193;4/20/1997;Sztuka Nowych Mediów;Zaoczne;s12193@pjwstk.edu.pl;Ronald;Otis
Sylvia;Bush;s12194;3/20/1998;Informatyka;Internetowe;s12194@pjwstk.edu.pl;Luisa;Alannah
Kaiden;Norman;s12195;4/20/1998;Sztuka Nowych Mediów;Wieczorowe;s12195@pjwstk.edu.pl;Alannah;Rodney
Margaret;Jefferson;s12196;3/20/1999;Informatyka;Dzienne;s12196@pjwstk.edu.pl;Ryan;Iestyn
Luther;Mahoney;s12197;4/20/1999;Sztuka Nowych Mediów;Zaoczne;s12197@pjwstk.edu.pl;Betty;Kaylum
Mikayla;Lowery;s12198;3/20/2000;Informatyka;Internetowe;s12198@pjwstk.edu.pl;Cindy;Genevieve
Solomon;Kayne;s12199;3/20/2001;Sztuka Nowych Mediów;Zaoczne;s12199@pjwstk.edu.pl;Cindy;Alannah
Louis;Velasquez;s11001;4/20/1993;Sztuka Nowych Mediów;Zaoczne;s12005@pjwstk.edu.pl;Estelle;Alina
Louis;Velasquez;s11002;4/20/1993;Sztuka Nowych Mediów;Zaoczne;s12005@pjwstk.edu.pl;Alina;Estelle
Louis;Velasquez;s11004;4/20/1993;Sztuka Nowych Mediów;Zaoczne;s12005@pjwstk.edu.pl;Estelle;Alina
